-- MySQL dump 10.13  Distrib 8.0.18, for Win64 (x86_64)
--
-- Host: localhost    Database: ch07_constructco
-- ------------------------------------------------------
-- Server version	5.7.24

/*!40101 SET @OLD_CHARACTER_SET_CLIENT=@@CHARACTER_SET_CLIENT */;
/*!40101 SET @OLD_CHARACTER_SET_RESULTS=@@CHARACTER_SET_RESULTS */;
/*!40101 SET @OLD_COLLATION_CONNECTION=@@COLLATION_CONNECTION */;
/*!50503 SET NAMES utf8mb4 */;
/*!40103 SET @OLD_TIME_ZONE=@@TIME_ZONE */;
/*!40103 SET TIME_ZONE='+00:00' */;
/*!40014 SET @OLD_UNIQUE_CHECKS=@@UNIQUE_CHECKS, UNIQUE_CHECKS=0 */;
/*!40014 SET @OLD_FOREIGN_KEY_CHECKS=@@FOREIGN_KEY_CHECKS, FOREIGN_KEY_CHECKS=0 */;
/*!40101 SET @OLD_SQL_MODE=@@SQL_MODE, SQL_MODE='NO_AUTO_VALUE_ON_ZERO' */;
/*!40111 SET @OLD_SQL_NOTES=@@SQL_NOTES, SQL_NOTES=0 */;

--
-- Table structure for table `assignment`
--

DROP TABLE IF EXISTS `assignment`;
/*!40101 SET @saved_cs_client     = @@character_set_client */;
/*!50503 SET character_set_client = utf8mb4 */;
CREATE TABLE `assignment` (
  `ASSIGN_NUM` smallint(6) NOT NULL,
  `ASSIGN_DATE` date DEFAULT NULL,
  `PROJ_NUM` tinyint(4) DEFAULT NULL,
  `EMP_NUM` smallint(6) DEFAULT NULL,
  `ASSIGN_JOB` smallint(6) DEFAULT NULL,
  `ASSIGN_CHG_HR` decimal(5,2) DEFAULT NULL,
  `ASSIGN_HOURS` decimal(2,1) DEFAULT NULL,
  `ASSIGN_CHARGE` decimal(5,2) DEFAULT NULL,
  PRIMARY KEY (`ASSIGN_NUM`),
  KEY `PROJ_NUM` (`PROJ_NUM`),
  KEY `EMP_NUM` (`EMP_NUM`),
  KEY `ASSIGN_JOB` (`ASSIGN_JOB`),
  CONSTRAINT `assignment_ibfk_1` FOREIGN KEY (`PROJ_NUM`) REFERENCES `project` (`PROJ_NUM`),
  CONSTRAINT `assignment_ibfk_2` FOREIGN KEY (`EMP_NUM`) REFERENCES `employee` (`EMP_NUM`),
  CONSTRAINT `assignment_ibfk_4` FOREIGN KEY (`ASSIGN_JOB`) REFERENCES `job` (`JOB_CODE`)
) ENGINE=InnoDB DEFAULT CHARSET=utf8mb4;
/*!40101 SET character_set_client = @saved_cs_client */;

--
-- Dumping data for table `assignment`
--

LOCK TABLES `assignment` WRITE;
/*!40000 ALTER TABLE `assignment` DISABLE KEYS */;
INSERT INTO `assignment` VALUES (1001,'2010-03-22',18,103,503,84.50,3.5,295.75),(1002,'2010-03-22',22,117,509,34.55,4.2,145.11),(1003,'2010-03-22',18,117,509,34.55,2.0,69.10),(1004,'2010-03-22',18,103,503,84.50,5.9,498.55),(1005,'2010-03-22',25,108,501,96.75,2.2,212.85),(1006,'2010-03-22',22,104,501,96.75,4.2,406.35),(1007,'2010-03-22',25,113,508,50.75,3.8,192.85),(1008,'2010-03-22',18,103,503,84.50,0.9,76.05),(1009,'2010-03-23',15,115,501,96.75,5.6,541.80),(1010,'2010-03-23',15,117,509,34.55,2.4,82.92),(1011,'2010-03-23',25,105,502,105.00,4.3,451.50),(1012,'2010-03-23',18,108,501,96.75,3.4,328.95),(1013,'2010-03-23',25,115,501,96.75,2.0,193.50),(1014,'2010-03-23',22,104,501,96.75,2.8,270.90),(1015,'2010-03-23',15,103,503,84.50,6.1,515.45),(1016,'2010-03-23',22,105,502,105.00,4.7,493.50),(1017,'2010-03-23',18,117,509,34.55,3.8,131.29),(1018,'2010-03-23',25,117,509,34.55,2.2,76.01),(1019,'2010-03-24',25,104,501,110.50,4.9,541.45),(1020,'2010-03-24',15,101,502,125.00,3.1,387.50),(1021,'2010-03-24',22,108,501,110.50,2.7,298.35),(1022,'2010-03-24',22,115,501,110.50,4.9,541.45),(1023,'2010-03-24',22,105,502,125.00,3.5,437.50),(1024,'2010-03-24',15,103,503,84.50,3.3,278.85),(1025,'2010-03-24',18,117,509,34.55,4.2,145.11);
/*!40000 ALTER TABLE `assignment` ENABLE KEYS */;
UNLOCK TABLES;

--
-- Table structure for table `employee`
--

DROP TABLE IF EXISTS `employee`;
/*!40101 SET @saved_cs_client     = @@character_set_client */;
/*!50503 SET character_set_client = utf8mb4 */;
CREATE TABLE `employee` (
  `EMP_NUM` smallint(6) NOT NULL,
  `EMP_LNAME` varchar(10) DEFAULT NULL,
  `EMP_FNAME` varchar(8) DEFAULT NULL,
  `EMP_INITIAL` varchar(1) DEFAULT NULL,
  `EMP_HIREDATE` date DEFAULT NULL,
  `JOB_CODE` smallint(6) DEFAULT NULL,
  `EMP_YEARS` tinyint(4) DEFAULT NULL,
  `EMP_TOTAL_HOURS` varchar(0) DEFAULT NULL,
  PRIMARY KEY (`EMP_NUM`),
  KEY `JOB_CODE` (`JOB_CODE`),
  CONSTRAINT `employee_ibfk_1` FOREIGN KEY (`JOB_CODE`) REFERENCES `job` (`JOB_CODE`)
) ENGINE=InnoDB DEFAULT CHARSET=utf8mb4;
/*!40101 SET character_set_client = @saved_cs_client */;

--
-- Dumping data for table `employee`
--

LOCK TABLES `employee` WRITE;
/*!40000 ALTER TABLE `employee` DISABLE KEYS */;
INSERT INTO `employee` VALUES (101,'News','John','G','2000-11-08',502,4,NULL),(102,'Senior','David','H','1989-07-12',501,15,NULL),(103,'Arbough','June','E','1996-12-01',503,8,NULL),(104,'Ramoras','Anne','K','1987-11-15',501,17,NULL),(105,'Johnson','Alice','K','1993-02-01',502,12,NULL),(106,'Smithfield','William',NULL,'2004-06-22',500,0,NULL),(107,'Alonzo','Maria','D','1993-10-10',500,11,NULL),(108,'Washington','Ralph','B','1991-08-22',501,13,NULL),(109,'Smith','Larry','W','1997-07-18',501,7,NULL),(110,'Olenko','Gerald','A','1995-12-11',505,9,NULL),(111,'Wabash','Geoff','B','1991-04-04',506,14,NULL),(112,'Smithson','Darlene','M','1994-10-23',507,10,NULL),(113,'Joenbrood','Delbert','K','1996-11-15',508,8,NULL),(114,'Jones','Annelise',NULL,'1993-08-20',508,11,NULL),(115,'Bawangi','Travis','B','1992-01-25',501,13,NULL),(116,'Pratt','Gerald','L','1997-03-05',510,8,NULL),(117,'Williamson','Angie','H','1996-06-19',509,8,NULL),(118,'Frommer','James','J','2005-01-04',510,0,NULL);
/*!40000 ALTER TABLE `employee` ENABLE KEYS */;
UNLOCK TABLES;

--
-- Table structure for table `job`
--

DROP TABLE IF EXISTS `job`;
/*!40101 SET @saved_cs_client     = @@character_set_client */;
/*!50503 SET character_set_client = utf8mb4 */;
CREATE TABLE `job` (
  `JOB_CODE` smallint(6) NOT NULL,
  `JOB_DESCRIPTION` varchar(21) DEFAULT NULL,
  `JOB_CHG_HOUR` decimal(5,2) DEFAULT NULL,
  `JOB_LAST_UPDATE` varchar(19) DEFAULT NULL,
  PRIMARY KEY (`JOB_CODE`)
) ENGINE=InnoDB DEFAULT CHARSET=utf8mb4;
/*!40101 SET character_set_client = @saved_cs_client */;

--
-- Dumping data for table `job`
--

LOCK TABLES `job` WRITE;
/*!40000 ALTER TABLE `job` DISABLE KEYS */;
INSERT INTO `job` VALUES (500,'Programmer',35.75,'2009-11-20 00:00:00'),(501,'Systems Analyst',96.75,'2009-11-20 00:00:00'),(502,'Database Designer',125.00,'2010-03-24 00:00:00'),(503,'Electrical Engineer',84.50,'2009-11-20 00:00:00'),(504,'Mechanical Engineer',67.90,'2009-11-20 00:00:00'),(505,'Civil Engineer',55.78,'2009-11-20 00:00:00'),(506,'Clerical Support',26.87,'2009-11-20 00:00:00'),(507,'DSS Analyst',45.95,'2009-11-20 00:00:00'),(508,'Applications Designer',48.10,'2010-03-24 00:00:00'),(509,'Bio Technician',34.55,'2009-11-20 00:00:00'),(510,'General Support',18.36,'2009-11-20 00:00:00');
/*!40000 ALTER TABLE `job` ENABLE KEYS */;
UNLOCK TABLES;

--
-- Table structure for table `project`
--

DROP TABLE IF EXISTS `project`;
/*!40101 SET @saved_cs_client     = @@character_set_client */;
/*!50503 SET character_set_client = utf8mb4 */;
CREATE TABLE `project` (
  `PROJ_NUM` tinyint(4) NOT NULL,
  `PROJ_NAME` varchar(12) DEFAULT NULL,
  `PROJ_VALUE` int(11) DEFAULT NULL,
  `PROJ_BALANCE` decimal(8,1) DEFAULT NULL,
  `EMP_NUM` smallint(6) DEFAULT NULL,
  PRIMARY KEY (`PROJ_NUM`),
  KEY `EMP_NUM` (`EMP_NUM`),
  CONSTRAINT `project_ibfk_1` FOREIGN KEY (`EMP_NUM`) REFERENCES `employee` (`EMP_NUM`)
) ENGINE=InnoDB DEFAULT CHARSET=utf8mb4;
/*!40101 SET character_set_client = @saved_cs_client */;

--
-- Dumping data for table `project`
--

LOCK TABLES `project` WRITE;
/*!40000 ALTER TABLE `project` DISABLE KEYS */;
INSERT INTO `project` VALUES (15,'Evergreen',1453500,1002350.0,103),(18,'Amber Wave',3500500,2110346.0,108),(22,'Rolling Tide',805000,500345.2,102),(25,'Starflight',2650500,2309880.0,107);
/*!40000 ALTER TABLE `project` ENABLE KEYS */;
UNLOCK TABLES;

--
-- Dumping routines for database 'ch07_constructco'
--
/*!40103 SET TIME_ZONE=@OLD_TIME_ZONE */;

/*!40101 SET SQL_MODE=@OLD_SQL_MODE */;
/*!40014 SET FOREIGN_KEY_CHECKS=@OLD_FOREIGN_KEY_CHECKS */;
/*!40014 SET UNIQUE_CHECKS=@OLD_UNIQUE_CHECKS */;
/*!40101 SET CHARACTER_SET_CLIENT=@OLD_CHARACTER_SET_CLIENT */;
/*!40101 SET CHARACTER_SET_RESULTS=@OLD_CHARACTER_SET_RESULTS */;
/*!40101 SET COLLATION_CONNECTION=@OLD_COLLATION_CONNECTION */;
/*!40111 SET SQL_NOTES=@OLD_SQL_NOTES */;

-- Dump completed on 2023-10-25 10:02:17
